{"max_open_trades":5,"stake_currency":"USDT","stake_amount":1000,"fiat_display_currency":"USD","timeframe":"5m","dry_run":true,"cancel_open_orders_on_exit":false,"trading_mode":"spot","margin_mode":"","unfilledtimeout":{"entry":10,"exit":10,"exit_timeout_count":0,"unit":"minutes"},"entry_pricing":{"price_side":"same","use_order_book":true,"order_book_top":1,"price_last_balance":0.0,"check_depth_of_market":{"enabled":false,"bids_to_ask_delta":1}},"exit_pricing":{"price_side":"same","use_order_book":true,"order_book_top":1},"exchange":{"name":"binance","key":"REDACTED","secret":"REDACTED","ccxt_config":{},"ccxt_async_config":{},"pair_whitelist":["BTC/USDT","ETH/USDT","BNB/USDT","SOL/USDT","XRP/USDT","DOGE/USDT","ADA/USDT","AVAX/USDT","DOT/USDT","LINK/USDT","UNI/USDT","LTC/USDT","BCH/USDT","ATOM/USDT","NEAR/USDT","FTM/USDT","ALGO/USDT","VET/USDT","ICP/USDT","FIL/USDT"],"pair_blacklist":["BNB/NGN","BNB/UAH"]},"pairlists":[{"method":"StaticPairList"}],"telegram":{"enabled":false,"token":"REDACTED","chat_id":"REDACTED"},"api_server":{"enabled":false,"listen_ip_address":"127.0.0.1","listen_port":8080,"verbosity":"error","enable_openapi":false,"jwt_secret_key":"somethingrandom","CORS_origins":[],"username":"freqtrade","password":"REDACTED"},"bot_name":"quantum_unified_bot_v1","initial_state":"running","force_entry_enable":false,"internals":{"process_throttle_secs":5},"strategy":"QuantumUnifiedStrategy","strategy_path":"../freqtrade-userdata/strategies/","db_url":"sqlite:///tradesv3_quantum.dryrun.sqlite","logfile":"logs/freqtrade_quantum.log","user_data_dir":"../freqtrade-userdata","datadir":{"user_data_dir":"../freqtrade-userdata/data"},"dry_run_wallet":100000,"strategy_stats":{"include_only_closed_trades":false},"freqai":{"enabled":false,"identifier":"quantum_model","feature_parameters":{"include_timeframes":["5m","15m","1h"],"include_corr_pairlist":["BTC/USDT","ETH/USDT"],"label_period_candles":24},"data_split_parameters":{"test_size":0.25},"model_training_parameters":{"n_estimators":100}},"state":"running","sd_notify":true,"config_files":["..\\freqtrade-userdata\\config_quantum.json"]}